.rownames,ElantraSales.predict.Final.rf
11,9528.79356666666
16,15243.8144619048
2,13242.8376952381
20,14945.0541285714
21,18302.8586333333
24,14958.2998285714
26,22532.6926333333
31,12281.0348333333
32,14821.9666952381
34,21418.0530333333
37,16976.5515
4,18118.0562666667
5,17449.7772333333
50,18739.3360333333
8,14949.4047333333
